model,threshold,num_runs,vpa_mean,vpa_std,eoc_mean,eoc_std,hft_pnl_mean,hft_pnl_std,precision_mean,precision_std,recall_mean,recall_std,f1_mean,f1_std
control,,100,0.0,0.0,0.0,0.0,13.178208372654817,3.1890972634065258,0.0,0.0,0.0,0.0,0.0,0.0
heuristic,,100,3.0841807143348876,1.2009190261273104,0.038680000000000006,0.009605081988197706,7.209027658319912,1.942429954462505,1.0,0.0,0.4528094743234062,0.07002546483479123,0.6201338947256819,0.06696889576278768
logistic_t0.15,0.15,100,7.147727660516881,2.3977573656025286,0.13024000000000008,0.0321674120811731,0.40548071213791703,0.8967643295772731,0.5173002248162254,0.09602815341862095,0.9568554378627908,0.0536357761946665,0.6662893544027159,0.08409946665063103
logistic_t0.3,0.3,100,4.721227658319785,2.0162969118178657,0.10782000000000005,0.03739742771902904,4.526980714335033,1.9563504857961362,0.4452840897305832,0.09849798971144613,0.5767902685549745,0.12717622613196253,0.4907351622727898,0.07886465903772993
logistic_t0.45,0.45,100,3.714293977994024,1.8706813461901526,0.07758000000000002,0.0330518320218411,6.208914394660796,1.8755324587109454,0.5126972328037904,0.14196902040055784,0.41289435237964645,0.08801522850981218,0.44450988722493884,0.0851076847416029
logistic_t0.6,0.6,100,2.3448801780993858,1.6445265104279299,0.05044,0.020208077592883494,9.138328194555433,2.1651838133928765,0.49543001443001444,0.15909431089608375,0.21027472828169422,0.08022059737064714,0.2874771261139413,0.09731292099371715
logistic_t0.75,0.75,100,1.6788831042169203,1.4250912772180162,0.02298,0.00960206227848997,10.814325268437896,2.3974020334417085,0.945,0.15102428060856088,0.14243236978879392,0.05387271623852353,0.24397353399655192,0.08243122934676403
logistic_t0.9,0.9,100,0.9627005645013651,1.328692619108753,0.00828,0.008084652126096707,12.075507808153452,2.558652942612101,0.475,0.4968651728587948,0.04270418423166101,0.04832122073732665,0.07781517416192338,0.08681072614196789
