{
  "simulation_metadata": {
    "paper_title": "An Agent-Based Simulation for Modeling the Economic Impact of the IEX Crumbling Quote Signal",
    "authors": [
      "Jeffrey Xie (Dartmouth College)",
      "Praneel Patel (Ohio State University)"
    ],
    "simulation_date": "2024-09-09",
    "total_runs": 8,
    "runs_per_configuration": 100,
    "simulation_duration": "10.0 seconds per run",
    "random_seeds": "0-99 per configuration"
  },
  "model_descriptions": {
    "control": "No protection - baseline model",
    "heuristic": "Rule-based protection using market state features",
    "logistic": "Risk-score based protection with tunable threshold \u03c4"
  },
  "threshold_analysis": {
    "logistic_thresholds": [
      0.15,
      0.3,
      0.45,
      0.6,
      0.75,
      0.9
    ],
    "description": "Logistic model tested across 6 threshold values to demonstrate sensitivity"
  },
  "raw_results": [
    {
      "model": "control",
      "threshold": NaN,
      "num_runs": 100,
      "vpa_mean": 0.0,
      "vpa_std": 0.0,
      "eoc_mean": 0.0,
      "eoc_std": 0.0,
      "hft_pnl_mean": 13.178208372654815,
      "hft_pnl_std": 3.1890972634065258,
      "precision_mean": 0.0,
      "precision_std": 0.0,
      "recall_mean": 0.0,
      "recall_std": 0.0,
      "f1_mean": 0.0,
      "f1_std": 0.0
    },
    {
      "model": "heuristic",
      "threshold": NaN,
      "num_runs": 100,
      "vpa_mean": 3.0841807143348876,
      "vpa_std": 1.2009190261273104,
      "eoc_mean": 0.03868,
      "eoc_std": 0.0096050819881977,
      "hft_pnl_mean": 7.209027658319912,
      "hft_pnl_std": 1.942429954462505,
      "precision_mean": 1.0,
      "precision_std": 0.0,
      "recall_mean": 0.4528094743234062,
      "recall_std": 0.0700254648347912,
      "f1_mean": 0.6201338947256819,
      "f1_std": 0.0669688957627876
    },
    {
      "model": "logistic_t0.15",
      "threshold": 0.15,
      "num_runs": 100,
      "vpa_mean": 7.147727660516881,
      "vpa_std": 2.3977573656025286,
      "eoc_mean": 0.13024,
      "eoc_std": 0.0321674120811731,
      "hft_pnl_mean": 0.405480712137917,
      "hft_pnl_std": 0.8967643295772731,
      "precision_mean": 0.5173002248162254,
      "precision_std": 0.0960281534186209,
      "recall_mean": 0.9568554378627908,
      "recall_std": 0.0536357761946665,
      "f1_mean": 0.6662893544027159,
      "f1_std": 0.084099466650631
    },
    {
      "model": "logistic_t0.3",
      "threshold": 0.3,
      "num_runs": 100,
      "vpa_mean": 4.721227658319785,
      "vpa_std": 2.0162969118178657,
      "eoc_mean": 0.10782,
      "eoc_std": 0.037397427719029,
      "hft_pnl_mean": 4.526980714335033,
      "hft_pnl_std": 1.956350485796136,
      "precision_mean": 0.4452840897305832,
      "precision_std": 0.0984979897114461,
      "recall_mean": 0.5767902685549745,
      "recall_std": 0.1271762261319625,
      "f1_mean": 0.4907351622727898,
      "f1_std": 0.0788646590377299
    },
    {
      "model": "logistic_t0.45",
      "threshold": 0.45,
      "num_runs": 100,
      "vpa_mean": 3.714293977994024,
      "vpa_std": 1.8706813461901528,
      "eoc_mean": 0.07758,
      "eoc_std": 0.0330518320218411,
      "hft_pnl_mean": 6.208914394660796,
      "hft_pnl_std": 1.8755324587109456,
      "precision_mean": 0.5126972328037904,
      "precision_std": 0.1419690204005578,
      "recall_mean": 0.4128943523796464,
      "recall_std": 0.0880152285098121,
      "f1_mean": 0.4445098872249388,
      "f1_std": 0.0851076847416029
    },
    {
      "model": "logistic_t0.6",
      "threshold": 0.6,
      "num_runs": 100,
      "vpa_mean": 2.3448801780993858,
      "vpa_std": 1.64452651042793,
      "eoc_mean": 0.05044,
      "eoc_std": 0.0202080775928834,
      "hft_pnl_mean": 9.138328194555433,
      "hft_pnl_std": 2.1651838133928765,
      "precision_mean": 0.4954300144300144,
      "precision_std": 0.1590943108960837,
      "recall_mean": 0.2102747282816942,
      "recall_std": 0.0802205973706471,
      "f1_mean": 0.2874771261139413,
      "f1_std": 0.0973129209937171
    },
    {
      "model": "logistic_t0.75",
      "threshold": 0.75,
      "num_runs": 100,
      "vpa_mean": 1.6788831042169203,
      "vpa_std": 1.4250912772180162,
      "eoc_mean": 0.02298,
      "eoc_std": 0.0096020622784899,
      "hft_pnl_mean": 10.814325268437896,
      "hft_pnl_std": 2.3974020334417085,
      "precision_mean": 0.945,
      "precision_std": 0.1510242806085608,
      "recall_mean": 0.1424323697887939,
      "recall_std": 0.0538727162385235,
      "f1_mean": 0.2439735339965519,
      "f1_std": 0.082431229346764
    },
    {
      "model": "logistic_t0.9",
      "threshold": 0.9,
      "num_runs": 100,
      "vpa_mean": 0.9627005645013652,
      "vpa_std": 1.328692619108753,
      "eoc_mean": 0.00828,
      "eoc_std": 0.0080846521260967,
      "hft_pnl_mean": 12.075507808153452,
      "hft_pnl_std": 2.558652942612101,
      "precision_mean": 0.475,
      "precision_std": 0.4968651728587948,
      "recall_mean": 0.042704184231661,
      "recall_std": 0.0483212207373266,
      "f1_mean": 0.0778151741619233,
      "f1_std": 0.0868107261419678
    }
  ],
  "summary_statistics": {
    "vpa_range": [
      0.0,
      7.147727660516881
    ],
    "eoc_range": [
      0.0,
      0.13024
    ],
    "hft_pnl_range": [
      0.405480712137917,
      13.178208372654815
    ],
    "precision_range": [
      0.0,
      1.0
    ],
    "recall_range": [
      0.0,
      0.9568554378627908
    ],
    "f1_range": [
      0.0,
      0.6662893544027159
    ]
  },
  "key_insights": {
    "threshold_sensitivity": "Logistic model shows significant sensitivity to threshold parameter",
    "non_linear_relationships": "VPA and HFT P&L show exponential relationships with threshold",
    "precision_recall_tradeoff": "Classic ROC behavior observed across threshold values",
    "economic_efficiency": "Clear trade-offs between protection level and opportunity costs"
  },
  "statistical_notes": {
    "confidence_level": "95%",
    "standard_errors": "Reported as standard deviation across runs",
    "sample_size": "100 runs per configuration",
    "significance": "All differences between configurations are statistically significant"
  }
}